iter,time,reward,steps,convergence,policy
1,1.512248999999244,54.0,48.0,17.910000000000004
2,1.0078089999989714,9.0,93.0,24.847901
3,0.48260700000035683,-8833.0,8935.0,32.420096881000006
4,0.38420999999999594,79.0,23.0,36.80095080865307
5,0.35932399999971665,90.0,12.0,40.102813890642274
6,0.3881539999994743,93.0,9.0,43.40338425858861
7,0.5196739999995259,91.0,11.0,50.75248271890897
8,0.6633249999996593,92.0,10.0,53.03196335707794
9,1.0934860000002544,90.0,12.0,56.022980968822154
10,0.5422549999991588,31.0,71.0,63.54427776607272
11,23.30580900000001,85.0,17.0,62.4071987391178
12,0.32286000000070203,84.0,18.0,54.88468947810237
13,0.29506699999970465,-107.0,209.0,54.02483327958009
14,0.5524320000009908,72.0,30.0,50.642880515877515
15,1.942418000000501,10.0,92.0,53.1817461296276
16,0.5916369999994231,92.0,10.0,49.47951457419208
17,0.19210000000136063,69.0,33.0,41.57573439847406
18,1.4626850000016844,89.0,13.0,38.78146775565122
19,0.4663909999997884,63.0,39.0,39.77049562384616
20,0.23570299999953193,93.0,9.0,31.76392375064564
21,0.1658039999998806,92.0,10.0,24.704780695985537
22,0.19129300000031435,79.0,23.0,25.034401018327706
23,0.2505649999999804,90.0,12.0,17.926887813965774
24,0.626961000000037,88.0,14.0,16.231268345631577
25,0.7055349999998128,92.0,10.0,13.495909227816293
26,2.707422999998599,92.0,10.0,19.64541954286825
27,1.1408010000000246,90.0,12.0,26.103728309639973
28,0.301659000001564,89.0,13.0,25.796533663214717
29,0.6941170000001051,84.0,18.0,21.363275581796284
30,0.35747399999941365,92.0,10.0,21.409092761175987
31,0.2633690000006794,90.0,12.0,22.666654692735527
32,0.28236999999897705,90.0,12.0,22.479178385475198
33,0.34271800000063024,72.0,30.0,22.22110670282675
34,6.818683000000547,2.0,100.0,22.72246481620124
35,1.4821769999997514,47.0,55.0,19.282943967401987
36,2.2010590000007824,60.0,42.0,13.155102577608995
37,0.3865010000012603,92.0,10.0,6.734760581190661
38,0.2882979999991875,91.0,11.0,7.221669062908897
39,0.18165100000011591,91.0,11.0,6.994930506788647
40,0.2340470000010697,92.0,10.0,7.3206601365675015
41,0.5852889999999888,-142.0,244.0,12.197147470599937
42,3.3721189999997847,92.0,10.0,12.299709157154817
43,0.3925620000000407,92.0,10.0,12.786181590188457
44,0.23988899999949354,91.0,11.0,12.20473533604814
45,0.309868000000435,89.0,13.0,12.056490473947699
46,0.27695499999857986,82.0,20.0,11.843597721370152
47,0.3594339999999363,90.0,12.0,11.773055277736315
48,0.8349709999997401,78.0,24.0,11.658077204430526
49,0.5486750000009977,89.0,13.0,11.807262159399755
50,1.3813460000005051,88.0,14.0,11.625604079194147
51,1.3873189999991098,-333.0,435.0,5.854029737485057
52,0.4119520000003263,88.0,14.0,6.075366868625949
53,0.09074299999944913,82.0,20.0,6.47649401605818
54,0.26349399999858747,89.0,13.0,7.111568268900557
55,0.23125900000131594,2.0,100.0,7.614407084328747
56,0.09692599999944207,89.0,13.0,7.493749703972452
57,0.1977810000006741,83.0,19.0,7.656351102218305
58,0.16074600000060002,89.0,13.0,7.549064709830796
59,0.7099410000002138,91.0,11.0,7.416731583101958
60,0.39079299999933426,51.0,51.0,7.380724805581463
61,0.3627489999988853,92.0,10.0,6.831603945176764
62,0.19373300000147253,78.0,24.0,6.788685964932938
63,0.7610159999984489,-12.0,114.0,6.184435853502871
64,0.18877800000005607,92.0,10.0,5.694227480642222
65,0.1435170000014807,82.0,20.0,5.094681923781659
66,0.26405400000051316,80.0,22.0,5.242407480028246
67,0.18824200000011615,21.0,81.0,5.044677220881859
68,0.5275549999996798,70.0,32.0,5.209014697554579
69,0.5938560000000592,59.0,43.0,13.087562642506077
70,0.3919269999990149,92.0,10.0,13.304162647610553
71,0.22975300000105392,86.0,16.0,13.839743251829622
72,0.1598789999999184,82.0,20.0,13.504011482300848
73,0.14785599999989074,72.0,30.0,13.291460785616504
74,0.7935410000001752,88.0,14.0,13.847551300372436
75,0.4676470000006816,90.0,12.0,14.730574317802347
76,0.35621100000149397,91.0,11.0,15.128492914113925
77,0.32054600000108735,89.0,13.0,15.474618860954786
78,0.36142899999980216,93.0,9.0,15.414733622285251
79,0.3889539999999414,92.0,10.0,7.719842738852245
80,1.4528990000002295,90.0,12.0,7.202682702891018
81,0.4259159999993045,92.0,10.0,6.927929371382165
82,0.2421549999986894,-128.0,230.0,6.979866830853963
83,0.1536250000011563,83.0,19.0,6.928164634805379
84,0.14836099999904206,79.0,23.0,6.462926180921386
85,0.09401600000025212,73.0,29.0,5.593637639506996
86,0.21806999999895993,46.0,56.0,5.268156372552821
87,0.46408399999897654,89.0,13.0,5.014780791815632
88,0.12997900000044638,87.0,15.0,4.902188587206562
89,0.3429060000001982,92.0,10.0,4.903852067675585
90,0.17428200000146887,93.0,9.0,5.438694879193588
91,0.2001749999998026,92.0,10.0,5.005404161010887
92,0.12996200000081615,10.0,92.0,5.009892055550745
93,0.1455690000007337,-207.0,309.0,4.99128562681387
94,0.1553909999998382,91.0,11.0,5.025137091563562
95,0.07975499999979263,75.0,27.0,5.038599662532046
96,0.128114999998985,92.0,10.0,4.692430777930957
97,0.22687500000095895,92.0,10.0,4.632779117906625
98,0.15587900000113564,92.0,10.0,4.8849770978963765
99,0.26684899999906975,88.0,14.0,4.737958040841702
100,1.2704669999994422,87.0,15.0,4.554858291443774
101,2.107598000000266,89.0,13.0,4.540267845559539
102,0.5190919999993326,83.0,19.0,4.370067412643094
103,0.4633539999989722,91.0,11.0,4.679594163277716
104,0.21290900000003887,93.0,9.0,4.5491190360736296
105,0.36720299999970507,11.0,91.0,4.513280635977344
106,0.31196099999952764,81.0,21.0,4.71985454588193
107,0.09175099999936265,76.0,26.0,4.864748892201301
108,0.12280099999983918,90.0,12.0,4.6560175082735356
109,0.15157200000004423,91.0,11.0,4.799853995117975
110,0.11823900000074161,57.0,45.0,4.662614356930102
111,0.2676029999992835,89.0,13.0,5.358736497068546
112,0.10749399999987475,84.0,18.0,5.80762825906402
113,0.2726239999990554,-335.0,437.0,5.599335790942855
114,0.1687910000001125,89.0,13.0,5.59329833332839
115,0.11551500000095416,75.0,27.0,5.776032704211583
116,0.16204900000005296,91.0,11.0,6.439165846714156
117,0.16604099999995015,93.0,9.0,6.458205158105471
118,0.27819900000025655,92.0,10.0,6.855489301924723
119,0.06664200000017217,91.0,11.0,6.547256955427071
120,0.14894199999915259,91.0,11.0,6.31141854371338
121,0.13819399999981385,90.0,12.0,5.716198181769994
122,0.1116460000005759,26.0,76.0,5.244189268969777
123,0.10196300000053782,73.0,29.0,5.154229828012309
124,0.16016400000040676,-153.0,255.0,5.0951044861531205
125,0.10507800000070233,74.0,28.0,4.753962255474553
126,0.2634519999986651,85.0,17.0,4.188223012506297
127,0.31975699999975404,79.0,23.0,4.085087961584891
128,0.09177899999990302,87.0,15.0,3.4761447045130196
129,0.11388000000067677,81.0,21.0,3.7467360891813812
130,0.0709420000006844,92.0,10.0,3.743513002524361
131,0.06972000000082801,92.0,10.0,3.574211994909875
132,0.0740590000010144,83.0,19.0,3.5457509731963794
133,0.07142599999987453,89.0,13.0,3.31190113967009
134,0.09243799999936186,86.0,16.0,3.405517073525259
135,0.1886000000013155,88.0,14.0,3.4397215736814672
136,0.1306139999996958,57.0,45.0,3.401054205646146
137,0.12232699999970009,87.0,15.0,3.5854742446389123
138,0.4568379999998484,84.0,18.0,3.9439645305476363
139,0.16651099999975827,90.0,12.0,3.9134010789255327
140,0.10931499999955463,88.0,14.0,4.167765306914899
141,0.23214900000034788,84.0,18.0,4.405438150529666
142,0.2409169999992855,73.0,29.0,4.870908392158467
143,0.08877299999987542,80.0,22.0,5.323905722934183
144,0.17397999999957392,91.0,11.0,5.590339481444967
145,0.11907100000030368,69.0,33.0,5.583369968072058
146,0.18681699999945067,88.0,14.0,5.913320458789346
147,0.15433299999934036,82.0,20.0,5.6984246170247825
148,0.23564100000150745,81.0,21.0,5.682269086250637
149,0.10126899999995942,91.0,11.0,5.585817108721311
150,0.11608800000040276,92.0,10.0,5.388128500109557
151,0.11483900000008873,93.0,9.0,5.260820287909505
152,0.15079000000106646,92.0,10.0,4.9587429203112565
153,0.0930169999993069,83.0,19.0,4.790524548504142
154,0.15011900000061473,83.0,19.0,4.565884061465655
155,0.21022600000009106,3.0,99.0,4.800355008156496
156,0.2228429999995285,78.0,24.0,4.47570354989446
157,0.20841999999987593,89.0,13.0,4.599160829769405
158,0.24153200000043284,63.0,39.0,4.424928156441522
159,0.41366199999970377,41.0,61.0,4.568058193672331
160,0.11315199999906156,81.0,21.0,4.66367136449872
161,0.09758400000059453,92.0,10.0,4.6092652592292875
162,0.09617600000133564,93.0,9.0,4.5009740273629415
163,0.09603099999999642,92.0,10.0,4.438777343640704
164,0.08121099999947035,74.0,28.0,4.607060492105271
165,0.09924900000157777,91.0,11.0,4.802447837491663
166,0.13765499999962572,90.0,12.0,4.825687455097331
167,0.19420900000000074,93.0,9.0,4.652512287269188
168,0.3948860000004828,83.0,19.0,4.7851990883738065
169,0.2092430000004697,72.0,30.0,4.890738749932129
170,0.2769540000002735,80.0,22.0,4.9219733278256355
171,0.13190900000026318,93.0,9.0,5.176148540262271
172,0.10483500000013635,80.0,22.0,5.123530527726619
173,0.22549700000062955,87.0,15.0,5.256953454149648
174,0.20892999999944095,92.0,10.0,5.492287345523559
175,0.15758300000001668,86.0,16.0,5.033259903351842
176,0.29166300000049716,65.0,37.0,5.380476068101484
177,0.13055800000039142,87.0,15.0,5.437776158134365
178,0.0955710000010157,38.0,64.0,5.230762279954573
179,0.14039400000065427,-43.0,145.0,5.2235152561779
180,0.11222200000027271,67.0,35.0,5.059935048147577
181,0.10712100000098701,89.0,13.0,4.918585431892652
182,0.13485899999921003,93.0,9.0,4.968563969234514
183,0.12563900000017725,92.0,10.0,4.78664416242844
184,0.13154300000017827,89.0,13.0,4.30511110307075
185,0.14226099999881114,88.0,14.0,4.255119076415599
186,0.10223499999995056,93.0,9.0,3.7594054899509475
187,0.09894100000096273,78.0,24.0,3.7331006099189734
188,0.10160899999966944,91.0,11.0,3.563239222514544
189,0.16905000000022596,90.0,12.0,3.475644084321412
190,0.1916790000002777,82.0,20.0,3.4888025788638544
191,0.2100170000005619,89.0,13.0,3.6071298620890175
192,0.13588399999875378,91.0,11.0,3.589494216988574
193,0.12429099999877735,7.0,95.0,3.5031840191114783
194,0.2588439999993142,92.0,10.0,3.485563137429176
195,0.20898300000027348,28.0,74.0,3.574326454450822
196,0.19434600000067803,65.0,37.0,3.663128178651695
197,0.15747299999979703,85.0,17.0,3.6559268512336844
198,0.09879399999945804,89.0,13.0,3.6438778627115127
199,0.13443200000118338,90.0,12.0,3.4940275631517252
200,0.32797499999936974,65.0,37.0,3.8651446853272744
201,0.11558399999955782,-445.0,547.0,4.228546451356157
202,0.12967199999991408,93.0,9.0,4.21448841753984
203,0.225021000000325,93.0,9.0,4.864479665260525
204,0.20927199999931645,88.0,14.0,4.985409323151141
205,0.16710199999891984,93.0,9.0,5.039813519785893
206,0.20336200000059534,54.0,48.0,5.155020309944383
207,0.11615999999925464,28.0,74.0,5.1493105871378235
208,0.18714199999969594,82.0,20.0,5.812166553821227
209,0.22396499999999264,69.0,33.0,5.91496778734331
210,0.17407399999846973,62.0,40.0,5.65086121014252
211,0.3071610000002778,92.0,10.0,5.052419349614796
212,0.07726200000135464,93.0,9.0,4.977126377471334
213,0.2158330000003872,-147.0,249.0,4.374603327108405
214,0.19273699999899918,75.0,27.0,4.34714157752501
215,0.13754399999932332,85.0,17.0,4.56831993870364
216,0.22320799999953067,46.0,56.0,4.492943319108036
217,0.42445000000057576,77.0,25.0,4.742103997749156
218,0.11784099999978537,85.0,17.0,4.261293360611181
219,0.14002600000040388,78.0,24.0,4.192977350841263
220,0.3592320000009863,56.0,46.0,4.217567228854611
221,0.14196000000055164,58.0,44.0,4.488767185884766
222,0.09303999999943358,92.0,10.0,5.367492432315679
223,0.08366600000009328,88.0,14.0,5.922081215536903
224,0.08833499999916228,84.0,18.0,5.782781496780823
225,0.17068699999889247,42.0,60.0,5.582374997937076
226,0.12845400000038865,90.0,12.0,5.419101584369936
227,0.14850600000038128,90.0,12.0,5.201676805706853
228,0.23747600000056934,40.0,62.0,5.268013765025624
229,0.24070799999975634,-33.0,135.0,5.305006623814492
230,0.1350779999995666,93.0,9.0,5.247763235987479
231,0.25046800000083635,85.0,17.0,5.2082872610672695
232,0.1438440000001151,69.0,33.0,4.912803235981093
233,0.2866679999993238,88.0,14.0,4.970706482734511
234,0.1757559999990832,66.0,36.0,5.168288451661174
235,0.159083999999865,84.0,18.0,5.131656011390417
236,0.1404669999995889,79.0,23.0,5.345422678665242
237,0.08230299999922863,91.0,11.0,5.223768814953561
238,0.13568600000013475,28.0,74.0,5.207459050935027
239,0.16614400000136698,61.0,41.0,5.120030640848137
240,0.11491400000096519,-32.0,134.0,5.295091711238108
241,0.135473999998581,89.0,13.0,5.404817514277734
242,0.22244799999882048,87.0,15.0,4.998982427950499
243,0.1815210000000178,57.0,45.0,4.503477643361988
244,0.1869550000002107,90.0,12.0,4.456100496109753
245,0.2421610000009622,82.0,20.0,4.631617350115503
246,0.1765559999995503,92.0,10.0,4.60395555126996
247,0.31662900000029026,75.0,27.0,5.387205159610498
248,0.19274599999974384,76.0,26.0,5.388781857146185
249,0.11619300000020871,89.0,13.0,5.288599722923249
250,0.11707400000027235,80.0,22.0,5.504021936880486
251,0.19874200000025155,86.0,16.0,6.051606615871421
252,0.1659499999995262,67.0,35.0,6.334478039397712
253,0.09532099999987054,46.0,56.0,6.281758753319842
254,0.09546900000145797,59.0,43.0,6.150652211163971
255,0.20602999999930205,76.0,26.0,5.902270605391569
256,0.2419239999991163,93.0,9.0,5.955443234592904
257,0.18197300000011296,-7.0,109.0,5.3585030705553525
258,0.19736199999975668,59.0,43.0,5.451480790480754
259,0.13403200000006166,-107.0,209.0,5.591316018725361
260,0.12925100000060752,91.0,11.0,5.2884030645703906
261,0.08148300000065944,88.0,14.0,4.265911747233602
262,0.06401799999977698,93.0,9.0,3.7001919859425767
263,0.10958199999855367,84.0,18.0,4.052077304049324
264,0.08961600000034764,90.0,12.0,4.119280378305379
265,0.09097799999935319,91.0,11.0,4.028795329245041
266,0.16119799999891882,90.0,12.0,3.838978162906828
267,0.1541290000002249,60.0,42.0,3.7022890337415264
268,0.1400539999991679,93.0,9.0,3.6334226544958965
269,0.2415670000015524,56.0,46.0,3.685403925352061
270,0.12296499999919774,6.0,96.0,3.737112081632128
271,0.3307039999995709,74.0,28.0,4.3973265157922174
272,0.14950499999955014,62.0,40.0,4.9559516431561335
273,0.14679000000050735,40.0,62.0,5.1158912996022465
274,0.19675999999968496,88.0,14.0,5.48223887586671
275,0.1380439999998373,56.0,46.0,5.883596191643167
276,0.15033599999902947,91.0,11.0,6.086347217926688
277,0.16254199999998775,54.0,48.0,6.011650461682679
278,0.11050600000039879,88.0,14.0,5.953933552804868
279,0.11850899999998887,-615.0,717.0,6.12661480270238
280,0.1160280000007674,79.0,23.0,5.885147244976638
281,0.09208200000010436,78.0,24.0,5.422398927945278
282,0.18028999999941675,92.0,10.0,5.718521817508647
283,0.18367399999874578,65.0,37.0,5.527088252789227
284,0.1550190000010332,88.0,14.0,5.142273555669763
285,0.15688100000055272,57.0,45.0,5.026980399323342
286,0.13439700000006383,-40.0,142.0,5.0385902469817
287,0.16982100000006994,89.0,13.0,5.029416067153079
288,0.07264999999989641,84.0,18.0,4.931554273344476
289,0.11146699999997622,91.0,11.0,4.70670120008011
290,0.14192000000079474,87.0,15.0,4.702771694233432
291,0.10160999999975218,87.0,15.0,4.693148518462668
292,0.11936199999951214,86.0,16.0,4.043355294838062
293,0.3619369999992017,73.0,29.0,4.058260387676642
294,0.09742900000020427,46.0,56.0,4.1046798643502855
295,0.2638610000005315,90.0,12.0,4.207807865234625
296,0.11335199999962242,82.0,20.0,4.236684915846287
297,0.13409299999977975,89.0,13.0,4.212130879731577
298,0.19614400000023124,92.0,10.0,4.129980941057193
299,0.12797000000119851,92.0,10.0,4.062134558166544
300,0.2174249999988831,65.0,37.0,4.187127490253767
301,0.13973600000127817,92.0,10.0,4.295683787907308
302,0.10711500000049057,88.0,14.0,4.270829170132737
303,0.13636400000116566,87.0,15.0,4.101822578717787
304,0.12150599999927181,79.0,23.0,4.056301617611597
305,0.09353099999920289,72.0,30.0,3.7940238105735475
306,0.07735199999991949,89.0,13.0,3.585117073178759
307,0.1825760000002674,34.0,68.0,3.8120193043391213
308,0.18550399999917033,91.0,11.0,4.077074788241914
309,0.15833300000167583,31.0,71.0,4.266007604675001
310,0.250109999999637,68.0,34.0,4.294120394244959
311,0.09587500000129978,92.0,10.0,4.252449884982042
312,0.11477400000003968,88.0,14.0,4.393707647150224
313,0.1264919999997005,64.0,38.0,4.258736076564487
314,0.15332099999909587,86.0,16.0,4.374435769171432
315,0.06978199999885248,93.0,9.0,4.687710994650034
316,0.09630100000102004,66.0,36.0,4.564121381278513
317,0.13783600000039087,90.0,12.0,4.4788802252904105
318,0.199331000001024,79.0,23.0,4.492760279654358
319,0.16475600000021018,89.0,13.0,4.2963179491875705
320,0.146744000000254,84.0,18.0,4.149532922919123
321,0.13099699999941095,89.0,13.0,4.168787681530198
322,0.15399000000115848,66.0,36.0,4.359321462027178
323,0.2833889999998007,58.0,44.0,4.963819387073448
324,0.08367099999873062,64.0,38.0,4.864567482348102
325,0.17571799999949178,90.0,12.0,5.047202455050332
326,0.13590000000007763,91.0,11.0,5.311323163004625
327,0.10993000000070197,89.0,13.0,5.613771205488463
328,0.14383999999978414,90.0,12.0,5.831480474438578
329,0.06440900000015404,74.0,28.0,5.898521655676315
330,0.1148919999991449,92.0,10.0,5.981365398516179
331,0.09337600000058899,78.0,24.0,6.055527673008863
332,0.10924599999917461,91.0,11.0,5.688713387969875
333,0.08776800000021012,90.0,12.0,5.1575000298455915
334,0.09161900000087542,91.0,11.0,4.9982554435107245
335,0.0959980000008187,90.0,12.0,4.4905791701475675
336,0.14498200000012673,85.0,17.0,4.3466968800942585
337,0.15603499999983228,64.0,38.0,4.073435865277268
338,0.20710800000145468,91.0,11.0,4.037921111887303
339,0.1373200000003294,53.0,49.0,4.131361636104911
340,0.12137600000095006,90.0,12.0,3.999683401625164
341,0.21054599999992263,90.0,12.0,3.954251230305812
342,0.12361399999960554,63.0,39.0,3.91350195023349
343,0.13740400000017416,93.0,9.0,3.6070972784307287
344,0.21740499999900464,93.0,9.0,3.783091192109603
345,0.10597500000031346,84.0,18.0,3.855401100575533
346,0.18854700000048297,83.0,19.0,3.963904187716513
347,0.12458900000034134,68.0,34.0,3.9670114160085603
348,0.24004199999971831,-67.0,169.0,3.9088497976017393
349,0.11397899999998629,89.0,13.0,4.036638854826696
350,0.14504900000034127,92.0,10.0,4.418560839812315
351,0.10229899999991687,90.0,12.0,4.482218521860709
352,0.16358999999965818,90.0,12.0,4.558641686452155
353,0.11185299999993958,89.0,13.0,4.8319270515972
354,0.16098899999938965,-34.0,136.0,4.965436097826715
355,0.17555800000046418,88.0,14.0,4.962910474133659
356,0.10740499999961628,86.0,16.0,4.9287864839764115
357,0.1718850000003158,87.0,15.0,5.2097094209586015
358,0.18098600000016063,85.0,17.0,5.07585779542876
359,0.12952199999993752,92.0,10.0,4.772686004930042
360,0.31111500000058356,85.0,17.0,4.604554194225888
361,0.09247700000081238,33.0,69.0,4.3193310890169085
362,0.24909899999947527,90.0,12.0,4.273007155688566
363,0.14985800000033578,70.0,32.0,4.253130401336004
364,0.19118700000042566,91.0,11.0,4.384959286183249
365,0.06740400000104785,87.0,15.0,4.64828668032109
366,0.08034000000023411,11.0,91.0,4.600973263735261
367,0.21743099999937954,92.0,10.0,4.606086233665792
368,0.09570400000136203,87.0,15.0,4.571701687107887
369,0.14546399999915138,86.0,16.0,5.194788016780544
370,0.36903999999893244,83.0,19.0,5.508973937131986
371,0.23533599999936428,64.0,38.0,5.847648791680259
372,0.11820699999987028,61.0,41.0,5.9586585556301275
373,0.0890370000004026,92.0,10.0,6.036833935014441
374,0.12267800000032025,90.0,12.0,5.751188226563807
375,0.11399199999928555,87.0,15.0,5.569561981420888
376,0.1798320000006015,75.0,27.0,5.7883893326986895
377,0.1723889999993844,83.0,19.0,5.589498294364826
378,0.11500499999961278,85.0,17.0,5.697406430986878
379,0.138677999999004,87.0,15.0,5.325407156407129
380,0.09430799999954331,89.0,13.0,4.862365387106692
381,0.14106600000118874,45.0,57.0,4.937464242204905
382,0.18338599999978555,90.0,12.0,5.089079741952711
383,0.06893900000015662,91.0,11.0,5.124926945146065
384,0.14040699999995354,92.0,10.0,5.1131953630304166
385,0.28226000000053375,74.0,28.0,5.04770900734128
386,0.13815799999861156,91.0,11.0,4.864841684977352
387,0.10574200000057488,90.0,12.0,4.586545832599039
388,0.10823299999884739,91.0,11.0,4.463043576311582
389,0.14397500000029595,87.0,15.0,4.287817286058245
390,0.0747480000011791,88.0,14.0,4.123518890225784
391,0.10651999999922168,90.0,12.0,3.7688173628253
392,0.13636499999947205,89.0,13.0,3.6786120980549866
393,0.21594300000060684,88.0,14.0,3.962295766824006
394,0.12107099999880688,92.0,10.0,4.058389619122285
395,0.14554100000019332,89.0,13.0,4.101236905439872
396,0.1349619999988505,93.0,9.0,4.074330957277016
397,0.1165809999985612,91.0,11.0,4.151038299038882
398,0.1398469999998042,34.0,68.0,4.233995457129225
399,0.2260659999997472,92.0,10.0,4.1959119649581185
400,0.15426800000106766,83.0,19.0,4.456963651894883
401,0.21713100000120278,53.0,49.0,4.656464322131538
402,0.1472129999999794,93.0,9.0,4.575535546867563
403,0.4954739999991631,17.0,85.0,4.425733405064028
404,0.3845160000004455,59.0,43.0,4.494958240969791
405,0.20313799999982507,91.0,11.0,4.631313855264989
406,0.07725599999908184,92.0,10.0,4.995109111454663
407,0.1026280000004931,85.0,17.0,5.502772193261532
408,0.1643879999999598,-3.0,105.0,5.742976290971447
409,0.31858200000023373,86.0,16.0,5.96104275738747
410,0.07722299999990412,85.0,17.0,6.142349262475487
411,0.08698000000073591,91.0,11.0,6.115240272543995
412,0.2870409999999879,91.0,11.0,6.326614110999294
413,0.09969000000076278,54.0,48.0,6.2793090018210025
414,0.11579399999916973,38.0,64.0,6.465195835510807
415,0.14558099999995022,90.0,12.0,6.744159898923232
416,0.08636399999950584,89.0,13.0,6.34053175002965
417,0.15885999999909473,74.0,28.0,6.164593491975348
418,0.21188300000041238,91.0,11.0,5.941689485127036
419,0.33862899999981266,-306.0,408.0,6.058672737133857
420,0.1878089999998167,92.0,10.0,5.778905213074319
421,0.18010400000001425,92.0,10.0,5.721636023021955
422,0.21602600000036887,-49.0,151.0,6.00276475475646
423,0.10563099999849612,50.0,52.0,6.1074978596409135
424,0.09407399999972199,48.0,54.0,6.009730385767329
425,0.1851620000010712,93.0,9.0,6.312776166402344
426,0.09318400000069005,92.0,10.0,6.553738917950258
427,0.15391600000036476,89.0,13.0,6.6067138517943365
428,0.3241699999989578,74.0,28.0,7.000444843931926
429,0.4998629999999338,51.0,51.0,7.28554295085038
430,0.2357860000010703,91.0,11.0,7.5697658212813295
431,0.09547900000050902,86.0,16.0,7.515130528980906
432,0.14124199999976383,88.0,14.0,7.024482580897953
433,0.19453500000032875,57.0,45.0,6.895748207342848
434,0.14416200000155754,-1.0,103.0,6.777157320121094
435,0.17124600000073542,93.0,9.0,6.188869352832735
436,0.16676800000148262,80.0,22.0,6.492005870309725
437,0.11400599999866756,93.0,9.0,6.258706887867845
438,0.19157600000063724,88.0,14.0,5.686079215477288
439,0.12937199999996096,60.0,42.0,5.144873338881962
440,0.1075279999991352,88.0,14.0,4.817684050030079
441,0.19525699999967117,12.0,90.0,4.798503163386418
442,0.25753599999944754,57.0,45.0,4.894426303722905
443,0.0976020000003075,-39.0,141.0,4.667839886643262
444,0.10598899999969547,88.0,14.0,4.390316618890916
445,0.15647800000095913,54.0,48.0,4.372864069111515
446,0.1815020000002221,-223.0,325.0,4.090613798222361
447,0.16648800000140795,88.0,14.0,4.027765496261469
448,0.20143299999908493,87.0,15.0,4.262199524452869
449,0.10238200000145525,88.0,14.0,4.393616962882592
450,0.21913099999970598,92.0,10.0,4.789036198082267
451,0.14421299999867188,93.0,9.0,4.743138537238005
452,0.09633199999825592,80.0,22.0,4.8139774589222055
453,0.21198600000005285,93.0,9.0,5.071427571359472
454,0.0776570000002863,89.0,13.0,5.027388384005448
455,0.3080130000014947,87.0,15.0,4.867412472315475
456,0.08842999999991719,90.0,12.0,4.632789231221837
457,0.14713700000079655,75.0,27.0,4.761965003825682
458,0.13162299999969207,93.0,9.0,4.642205528639941
459,0.1746220000011789,52.0,50.0,4.626963086664311
460,0.13256300000108467,82.0,20.0,4.722632432481814
461,0.14504700000017579,63.0,39.0,4.962066559394655
462,0.09416299999998046,92.0,10.0,4.984957535546511
463,0.27930999999981054,79.0,23.0,4.937048733284923
464,0.21092299999914133,82.0,20.0,5.446548037391733
465,0.10622699999984775,93.0,9.0,5.614104620356646
466,0.07592399999900579,85.0,17.0,5.585339306934901
467,0.3241779999996197,82.0,20.0,5.5460433005063
468,0.2021849999991332,85.0,17.0,5.6987957227697
469,0.2641420000006889,86.0,16.0,5.926087425987157
470,0.12400600000006534,90.0,12.0,5.634925623954996
471,0.2699130000003436,75.0,27.0,5.747153202967861
472,0.27117199999970865,77.0,25.0,5.506922008642926
473,0.24905299999922192,64.0,38.0,5.74877137923238
474,0.10504300000135913,90.0,12.0,5.5422367683613984
475,0.18086400000072445,89.0,13.0,5.370224947220502
476,0.24148400000001402,78.0,24.0,5.459302842279934
477,0.11443800000066062,83.0,19.0,5.403148160163033
478,0.08382700000097998,70.0,32.0,5.1560683123375455
479,0.5504970000007603,-41.0,143.0,5.155001877044603
480,0.0711240000015323,91.0,11.0,5.144861134573969
481,0.08307100000060075,92.0,10.0,5.007910635917736
482,0.14105300000011312,74.0,28.0,5.406670878622715
483,0.14942099999970537,90.0,12.0,5.4215050593447955
484,0.24441999999957886,76.0,26.0,5.6697892934576775
485,0.08687400000084722,6.0,96.0,5.8226380750592215
486,0.10272599999971987,80.0,22.0,5.8326860720050036
487,0.08210299999866777,86.0,16.0,5.769756566907927
488,0.11471200000023885,92.0,10.0,6.169891879752834
489,0.17148199999894587,80.0,22.0,6.176199867389485
490,0.15580800000059014,79.0,23.0,6.220570700143808
491,0.15633199999953717,83.0,19.0,6.100575319795543
492,0.2067199999995495,60.0,42.0,5.847065536810365
493,0.11537800000027687,85.0,17.0,5.245616521688166
494,0.16500999999990995,66.0,36.0,4.884759941910886
495,0.11282799999889903,91.0,11.0,4.642982161029382
496,0.09428799999966486,81.0,21.0,4.6364146382101925
497,0.46600099999949407,-55.0,157.0,4.740736321993606
498,0.10858399999946755,90.0,12.0,4.572544891572209
499,0.07492599999991967,89.0,13.0,4.021004036513041
500,0.10888099999917245,55.0,47.0,3.9274900692852155
501,0.138833999999477,93.0,9.0,3.7338598433303347
502,0.11286900000051503,93.0,9.0,3.7340442908994804
503,0.1680200000002685,71.0,31.0,3.9134647829266855
504,0.08714099999984626,91.0,11.0,3.743191132111433
505,0.19078200000066659,89.0,13.0,4.119846127837157
506,0.11947199999973179,88.0,14.0,4.236707965903754
507,0.26666499999983273,85.0,17.0,4.332087014046887
508,0.11406999999863388,85.0,17.0,4.110072210123282
509,0.19591500000082362,56.0,46.0,4.570821885280107
510,0.08054799999968054,57.0,45.0,4.746500146225432
511,0.11113000000051443,86.0,16.0,4.93395629956842
512,0.10343099999943206,40.0,62.0,4.855323209031944
513,0.23820000000007724,29.0,73.0,4.850409437991678
514,0.11086900000023547,61.0,41.0,5.0526943325522895
515,0.2282310000012444,89.0,13.0,4.821844430704947
516,0.11464199999977609,37.0,65.0,4.83760026431238
517,0.1382240000005197,66.0,36.0,4.642211185535102
518,0.39863399999973126,85.0,17.0,5.019903545854542
519,0.1413010000010928,89.0,13.0,5.0596936148066165
520,0.2723129999999685,10.0,92.0,5.050975375481938
521,0.17154999999924314,23.0,79.0,5.0368127383273675
522,0.1149769999990724,75.0,27.0,5.303319145821466
523,0.28646200000004285,58.0,44.0,5.866687160864522
524,0.1901919999998114,93.0,9.0,6.155510077520097
525,0.13087800000022298,84.0,18.0,6.362073918340956
526,0.16714600000078406,-28.0,130.0,6.463756748199819
527,0.37682500000002506,86.0,16.0,6.916126796303156
528,0.12085599999878127,78.0,24.0,6.738259706942456
529,0.15832100000068294,93.0,9.0,6.602679384650114
530,0.1316100000003928,51.0,51.0,6.722319317377289
531,0.229745000000392,-16.0,118.0,6.828511330033406
532,0.13208000000020093,90.0,12.0,6.534376175466626
533,0.09557300000118119,92.0,10.0,5.918246977768407
534,0.12725199999863435,92.0,10.0,5.76288811892954
535,0.11954300000027729,90.0,12.0,5.321380891996114
536,0.09378300000051354,91.0,11.0,4.805429063788024
537,0.17000000000066962,73.0,29.0,4.525987610358214
538,0.15505000000004543,93.0,9.0,4.520754865987685
539,0.10851099999875657,77.0,25.0,4.392458974726668
540,0.15946799999966288,74.0,28.0,4.251832329493925
541,0.17013499999940507,91.0,11.0,4.446917103962579
542,0.10707600000081641,85.0,17.0,4.4963173172574
543,0.13189799999935303,76.0,26.0,4.78021061524002
544,0.2859599999993634,90.0,12.0,4.572035618377382
545,0.11828899999954956,93.0,9.0,4.796355372844161
546,0.11512100000032888,85.0,17.0,5.155011573064523
547,0.14131999999911216,72.0,30.0,4.785016144666862
548,0.09275099999861425,93.0,9.0,4.658948053889357
549,0.11116900000018859,87.0,15.0,4.525911059075826
550,0.10399599999999509,91.0,11.0,4.251437326530588
551,0.23333099999867102,-25.0,127.0,3.905600270215757
552,0.2395999999986742,68.0,34.0,3.723035866498395
553,0.13231400000002225,90.0,12.0,3.4579442913148015
554,0.24579599999974278,90.0,12.0,3.6337692477738104
555,0.07541799999977172,51.0,51.0,3.67018120561508
556,0.13084700000121074,92.0,10.0,3.6378618804498486
557,0.10960800000070492,49.0,53.0,3.7329187318747032
558,0.12681200000130843,81.0,21.0,3.705003543137059
559,0.11593500000017798,80.0,22.0,3.740113127453192
560,0.08844100000082733,-12.0,114.0,3.9427890314863774
561,0.0924199999996489,93.0,9.0,3.914700800200676
562,0.13647900000002267,88.0,14.0,4.531870314464048
563,0.1792809999994205,92.0,10.0,4.556030273416686
564,0.0769280000003647,-298.0,400.0,4.504474602512266
565,0.17699900000067714,57.0,45.0,4.375917118547983
566,0.11740700000117954,69.0,33.0,4.41531820343229
567,0.10155400000044779,56.0,46.0,4.463406860246492
568,0.17869999999930997,92.0,10.0,4.559843333729566
569,0.08839800000082221,75.0,27.0,4.573157621400037
570,0.2792310000003795,-282.0,384.0,4.818449903547392
571,0.15521400000118035,25.0,77.0,4.94669846915139
572,0.170469000000395,16.0,86.0,4.602104808938198
573,0.19993499999948483,46.0,56.0,5.029707570201358
574,0.13662000000103092,93.0,9.0,5.060585040009026
575,0.2536050000010448,-8695.0,8797.0,5.403577220976419
576,0.26717699999956324,89.0,13.0,5.646693456212492
577,0.15428200000044967,79.0,23.0,5.843741292656764
578,0.09137099999989573,-135.0,237.0,5.59015084761307
579,0.15785499999942942,85.0,17.0,5.824031756964565
580,0.13758300000077384,63.0,39.0,5.719099112073181
581,0.13960699999948645,89.0,13.0,5.8526317223721405
582,0.10588599999827863,92.0,10.0,5.719405174896477
583,0.28398800000140056,38.0,64.0,5.4828060238942955
584,0.13717000000035284,64.0,38.0,5.623474471206362
585,0.1233120000012633,63.0,39.0,5.726832231167253
586,0.11475899999879857,89.0,13.0,5.314250339826424
587,0.24688200000078098,47.0,55.0,5.389701874338277
588,0.4661309999995922,78.0,24.0,5.902871305818556
589,0.16399199999916902,88.0,14.0,5.878014898933179
590,0.09734100000002854,91.0,11.0,5.922449281773195
591,0.09562400000007187,90.0,12.0,5.747045698032403
592,0.08231499999844516,88.0,14.0,5.527027554346224
593,0.10652099999930442,92.0,10.0,5.3177493729903516
594,0.21598100000019826,-30.0,132.0,5.204055716129045
595,0.1790740000000568,91.0,11.0,4.988147838352633
596,0.16071299999964594,15.0,87.0,5.101102866486606
597,0.19789500000122473,85.0,17.0,5.080389498030071
598,0.20393099999971298,54.0,48.0,4.8756020042979085
599,0.15245300000010786,80.0,22.0,4.984293650307125
600,0.09134699999968632,86.0,16.0,5.073283791866982
601,0.19906100000000038,65.0,37.0,5.121990288065843
602,0.17407600000041157,37.0,65.0,5.410378136986511
603,0.299492999999984,-8.0,110.0,5.756201340662609
604,0.14692899999957376,90.0,12.0,6.006849954909898
605,0.08462799999975346,92.0,10.0,6.080035074783152
606,0.08848300000074971,88.0,14.0,6.090097576594428
607,0.262518999999628,16.0,86.0,6.047553779727285
608,0.09089500000136752,91.0,11.0,5.75844127256335
609,0.1167369999990342,7.0,95.0,5.485575573518244
610,0.14980499999950325,91.0,11.0,4.894450710318199
611,0.2501950000013409,26.0,76.0,5.123042219904789
612,0.1985209999997295,79.0,23.0,5.018918278123591
613,0.0836290000005846,91.0,11.0,4.715727351306613
614,0.13725200000003213,92.0,10.0,4.346974412047008
615,0.11208400000128904,90.0,12.0,4.263570136035315
616,0.12883700000010379,42.0,60.0,4.420984418679998
617,0.2083890000008637,-22.0,124.0,4.600560518842758
618,0.2523760000006092,58.0,44.0,4.755839058272123
619,0.15390999999986832,77.0,25.0,4.844997705157762
620,0.14647599999939587,65.0,37.0,5.115932535247796
621,0.14553900000002784,11.0,91.0,4.914819787390249
622,0.1378390000006391,89.0,13.0,5.07331990045124
623,0.2682919999994482,83.0,19.0,5.106985905545571
624,0.3029300000001456,78.0,24.0,5.030250906997391
625,0.4146909999995785,90.0,12.0,5.176227123649784
626,0.13850999999931446,84.0,18.0,5.065758287857895
627,0.2122059999987158,92.0,10.0,5.337660041643089
628,0.22180299999874364,93.0,9.0,5.39191014565135
629,0.4382659999997429,55.0,47.0,5.742935784540185
630,0.09241599999931793,92.0,10.0,5.78729178449985
631,0.1182239999995005,93.0,9.0,6.036010614481188
632,0.07888800000088736,85.0,17.0,6.568638112171497
633,0.10227399999962472,93.0,9.0,6.893811228295499
634,0.10183799999907706,93.0,9.0,6.982460451207051
635,0.2706520000010926,53.0,49.0,7.2990060915169055
636,0.1938609999996288,27.0,75.0,7.412256491451993
637,0.1417879999987548,-62.0,164.0,7.045228222994919
638,0.3163229999998407,83.0,19.0,7.250634366361962
639,0.18441899999999123,89.0,13.0,7.2647186007988935
640,0.13968100000028016,67.0,35.0,7.202450408847713
641,0.19319699999975626,86.0,16.0,6.819414133452424
642,0.17152000000031364,88.0,14.0,6.8454300192306565
643,0.08941599999978678,36.0,66.0,6.482011638297491
644,0.11943400000014037,92.0,10.0,6.738800963757717
645,0.1824309999989282,93.0,9.0,6.182818278189847
646,0.34291799999941475,68.0,34.0,6.187632284283505
647,0.18608899999961181,75.0,27.0,6.236284313905567
648,0.23617299999934005,91.0,11.0,5.9963156747511
649,0.1693740000003885,40.0,62.0,5.808804582926922
650,0.12336900000065043,81.0,21.0,5.974291283341754
651,0.08894299999973043,55.0,47.0,6.21029115938642
652,0.05725099999942529,90.0,12.0,5.945175318216949
653,0.11231100000053118,90.0,12.0,6.21229655450791
654,0.20494500000012295,92.0,10.0,5.879643459135439
655,0.1788220000005225,6.0,96.0,5.910046050273353
656,0.1140740000007412,81.0,21.0,5.7881891790542355
657,0.13631200000041588,92.0,10.0,5.772565511656
658,0.10994600000024946,92.0,10.0,5.6393349955827174
659,0.07700000000099294,91.0,11.0,5.500878399025181
660,0.11673200000039685,90.0,12.0,5.114101236913839
661,0.3341190000014649,38.0,64.0,5.1207756337362245
662,0.20684199999898567,91.0,11.0,4.6797837094337895
663,0.08287800000061907,89.0,13.0,4.219733505363239
664,0.09419699999924092,11.0,91.0,4.199655753958017
665,0.17688099999979556,89.0,13.0,4.112853889325981
666,0.0937319999998465,90.0,12.0,3.9771897776651057
667,0.18695400000012796,93.0,9.0,3.690613861032041
668,0.10666400000047815,68.0,34.0,3.6579345569986783
669,0.1567370000010726,92.0,10.0,3.4818496341839023
670,0.09638200000061659,81.0,21.0,3.7044664909328544
671,0.16871200000068143,80.0,22.0,3.6544797962385105
672,0.11465100000052075,93.0,9.0,3.671605335719397
673,0.30951899999998034,93.0,9.0,4.082827071393815
674,0.11529500000051485,88.0,14.0,4.100031294752851
675,0.10428999999945177,92.0,10.0,4.171409423415975
676,0.09677700000132461,39.0,63.0,4.260317309395797
677,0.0879559999997781,88.0,14.0,4.2219001606812885
678,0.1478360000000123,89.0,13.0,4.133133451234831
679,0.3480249999991969,77.0,25.0,4.229962360146857
680,0.09774100000115027,41.0,61.0,4.641059948281051
681,0.2929500000004026,63.0,39.0,4.7737279318562456
682,0.15167900000001566,93.0,9.0,4.836951845274288
683,0.23408999999929847,91.0,11.0,4.886990035465649
684,0.12048999999869636,87.0,15.0,5.125540891394546
685,0.1028950000012685,92.0,10.0,4.99229266168515
686,0.16190600000065558,25.0,77.0,4.829061483168202
687,0.11649800000057553,90.0,12.0,4.892178722944456
688,0.12042300000025818,85.0,17.0,5.0257689481357755
689,0.09956499999930202,88.0,14.0,5.081197169800127
690,0.11090500000143777,92.0,10.0,4.517067503925986
691,0.11357400000022722,91.0,11.0,4.458471880739607
692,0.09968900000068004,90.0,12.0,4.388738590007023
693,0.15252499999895974,-338.0,440.0,4.2541752345854364
694,0.21357799999854876,85.0,17.0,4.060673564081979
695,0.1587479999987096,89.0,13.0,4.282658883249326
696,0.21916799999921466,61.0,41.0,4.514992969752619
697,0.09954599999950631,56.0,46.0,4.684469449810242
698,0.13868399999950043,90.0,12.0,4.9344570721394305
699,0.20828599999944686,86.0,16.0,4.967845903379709
700,0.1014220000001842,88.0,14.0,4.816713654757987
701,0.15196000000017307,64.0,38.0,4.576024686973429
702,0.233077999999054,43.0,59.0,4.684952216746176
703,0.3613950000005417,93.0,9.0,4.516966308208856
704,0.20864099999862162,87.0,15.0,4.62476779296229
705,0.1349029999992979,83.0,19.0,4.449178115528964
706,0.13091900000006262,91.0,11.0,4.422474181066839
707,0.09070599999994045,92.0,10.0,4.492437706124626
708,0.10334899999975278,92.0,10.0,4.4897222791650835
709,0.17790699999942206,32.0,70.0,4.331372964552621
710,0.1285679999991629,61.0,41.0,4.5282103189231915
711,0.16323899999903801,77.0,25.0,4.504477338311693
712,0.1966309999996696,89.0,13.0,4.418984835187109
713,0.22549600000054681,77.0,25.0,4.55814147717553
714,0.1228040000000874,79.0,23.0,4.602304819949341
715,0.2627190000001889,66.0,36.0,5.062847380788611
716,0.2062459999994104,88.0,14.0,5.295303838217689
717,0.27768899999891516,92.0,10.0,5.23420790400727
718,0.0996969999995656,93.0,9.0,5.066562242734255
719,0.20862799999932236,70.0,32.0,5.087397703664152
720,0.13716199999969092,90.0,12.0,5.064045505827481
721,0.07247199999937948,91.0,11.0,4.973513183002135
722,0.09226000000062129,72.0,30.0,4.9620934315322005
723,0.12245399999954998,90.0,12.0,5.15331896439406
724,0.08953200000050288,62.0,40.0,4.96260695989519
725,0.3282220000002667,64.0,38.0,4.999648048098097
726,0.10974899999993681,91.0,11.0,4.7962720626977005
727,0.14177099999912457,93.0,9.0,4.8556573256734765
728,0.0935099999992417,86.0,16.0,4.791912410640793
729,0.13641199999980813,-1365.0,1467.0,4.881423057661651
730,0.12666100000124914,90.0,12.0,4.857072771305927
731,0.1113540000012847,80.0,22.0,4.921220282337894
732,0.3012790000003207,88.0,14.0,5.049909138531893
733,0.12699400000037997,85.0,17.0,4.835008513876666
734,0.24377400000119565,88.0,14.0,5.140967840097865
735,0.2650200000005043,25.0,77.0,5.002559308353741
736,0.21015199999929735,89.0,13.0,4.839646116635339
737,0.1251299999989186,87.0,15.0,4.590139202789743
738,0.12259500000055823,68.0,34.0,5.007487837206151
739,0.1148069999992174,93.0,9.0,5.199534289166079
740,0.1470409999999589,88.0,14.0,5.221291708805479
741,0.12150600000104816,93.0,9.0,5.350613698465961
742,0.18128700000019649,89.0,13.0,5.179232010712047
743,0.1111080000004705,89.0,13.0,5.074453233104874
744,0.2477899999995259,83.0,19.0,4.995860247972196
745,0.11883700000048236,80.0,22.0,4.621618986180236
746,0.17097899999996002,77.0,25.0,4.670487763553133
747,0.2701280000003692,73.0,29.0,4.908603463776181
748,0.1439440000012837,77.0,25.0,4.546908454347824
749,0.15939899999928286,57.0,45.0,4.229883709884414
750,0.10337600000021041,85.0,17.0,4.465624097426681
751,0.10456400000080635,91.0,11.0,4.313163136239321
752,0.11024699999850895,78.0,24.0,4.485538931758059
753,0.12205099999995639,65.0,37.0,4.686395075729541
754,0.25589200000020185,81.0,21.0,4.638017077773213
755,0.2089720000011397,91.0,11.0,4.690655632658171
756,0.09921799999901282,65.0,37.0,4.678719762704292
757,0.23666400000088572,83.0,19.0,4.747987220152534
758,0.19290500000046507,90.0,12.0,4.926703709135144
759,0.12220600000034665,89.0,13.0,4.933691988123451
760,0.14209799999953532,85.0,17.0,4.965586077190783
761,0.14497699999971303,90.0,12.0,5.0053251568698585
762,0.21036999999957118,82.0,20.0,4.943250218548014
763,0.15652499999951885,37.0,65.0,4.788147794924917
764,0.13074800000012488,81.0,21.0,4.626196793211003
765,0.29217900000055863,51.0,51.0,5.008812590042493
766,0.1848029999997891,84.0,18.0,5.14591027466019
767,0.11136000000000479,90.0,12.0,4.765451056455999
768,0.22423199999899168,73.0,29.0,4.559978722099143
769,0.16401200000082383,67.0,35.0,4.672943187416122
770,0.07906300000115607,89.0,13.0,4.530898836983752
771,0.1810610000010371,91.0,11.0,4.565589366327233
772,0.3614889999994375,60.0,42.0,4.473184637846039
773,0.3745019999996657,90.0,12.0,4.794421413167408
774,0.24851700000105836,74.0,28.0,4.777126033396645
775,0.12200099999937208,88.0,14.0,4.495825298880769
776,0.1441999999993726,33.0,69.0,4.31670886577151
777,0.13902600000115228,48.0,54.0,4.438926849247016
778,0.09899800000034986,90.0,12.0,4.666152573374367
779,0.24286699999898076,89.0,13.0,4.834667500586825
780,0.31225599999906706,74.0,28.0,4.956554035027944
781,0.13880600000071297,93.0,9.0,5.1037863169651985
782,0.217349999999783,93.0,9.0,5.361363776894878
783,0.2395110000001921,89.0,13.0,5.266196719456296
784,0.25259499999918944,87.0,15.0,5.724403680094495
785,0.3129330000000152,-540.0,642.0,5.714827095412241
786,0.35123299999995083,-39.0,141.0,5.78372108328509
787,0.15079199999945558,91.0,11.0,5.85983748049331
788,0.18735000000091873,87.0,15.0,5.940409948689404
789,0.14507300000055068,70.0,32.0,6.083863991284223
790,0.19012899999992783,21.0,81.0,6.106860632055982
791,0.12286699999997097,90.0,12.0,6.1207576242061394
792,0.15426099999871212,89.0,13.0,6.019117978305102
793,0.09119099999921332,81.0,21.0,5.899571430425029
794,0.25655400000168527,89.0,13.0,5.740179640004112
795,0.2716609999993125,91.0,11.0,5.695491319704878
796,0.1178979999991725,58.0,44.0,5.627181453329223
797,0.15513099999964197,8.0,94.0,5.485685355455031
798,0.15481900000047233,78.0,24.0,5.14055248875223
799,0.11062599999966949,84.0,18.0,4.567786202588539
800,0.1390329999999551,85.0,17.0,4.191528656629195
801,0.18968300000032912,92.0,10.0,4.222785262300036
802,0.1344049999989494,85.0,17.0,4.039325304641639
803,0.28181400000093504,92.0,10.0,3.8794951502070334
804,0.41112299999923607,38.0,64.0,3.594619257089543
805,0.2954099999996629,90.0,12.0,3.5902455130614173
806,0.33315199999961465,87.0,15.0,3.39321410952637
807,0.21107699999944884,87.0,15.0,3.3914436762418134
808,0.17906299999914665,91.0,11.0,3.3886405485870683
809,0.09589100000084727,91.0,11.0,3.3492888175632176
810,0.13893800000097656,89.0,13.0,3.572390571215942
811,0.1024770000004338,68.0,34.0,3.350939199534744
812,0.1530479999996004,81.0,21.0,3.4251806639862723
813,0.2894999999991654,35.0,67.0,3.8355959278113447
814,0.17191000000060797,87.0,15.0,3.8486626737163063
815,0.1462130000007278,85.0,17.0,3.754383411679849
816,0.30408800000003566,81.0,21.0,3.9645400571146014
817,0.14442300000006014,78.0,24.0,3.9506630600781434
818,0.21775199999929384,41.0,61.0,4.1098637044073145
819,0.31622199999858935,-13.0,115.0,4.3245776119045996
820,0.2533559999999824,90.0,12.0,4.229442590483106
821,0.28685899999914,39.0,63.0,4.714096925630358
822,0.3980989999998741,66.0,36.0,4.92344589130083
823,0.11503700000048411,92.0,10.0,4.653983964119215
824,0.13771999999967477,39.0,63.0,4.841379389961969
825,0.09562500000015461,90.0,12.0,4.849846430929365
826,0.12237500000011892,89.0,13.0,4.767870291031729
827,0.2698030000001239,61.0,41.0,4.83737633717954
828,0.5033880000002711,28.0,74.0,4.861172523118145
829,0.21923300000104007,93.0,9.0,4.935583451315656
830,0.5527210000000338,34.0,68.0,5.145609682682853
831,0.27243199999915646,92.0,10.0,4.7263742467046
832,0.19870499999896651,72.0,30.0,4.616156708784257
833,0.13578199999919605,30.0,72.0,4.683981137574962
834,0.2867879999985945,81.0,21.0,4.665818073124508
835,0.18775100000034683,92.0,10.0,4.8969803886507055
836,0.0870620000004152,91.0,11.0,4.910192195324884
837,0.1266989999990642,87.0,15.0,4.767292763301502
838,0.29638400000031595,92.0,10.0,5.026640724982615
839,0.1770329999999376,86.0,16.0,4.897479220266765
840,0.17517300000058356,86.0,16.0,4.72021710725669
841,0.16176000000100998,92.0,10.0,4.5014222283329675
842,0.345763000000332,93.0,9.0,4.382854922191146
843,0.17860900000066238,90.0,12.0,4.154486853314474
844,0.33111299999966093,82.0,20.0,3.9746101402086906
845,0.09853600000120366,91.0,11.0,3.776446051519423
846,0.12122200000064254,86.0,16.0,4.17413517412737
847,0.14543300000013915,92.0,10.0,4.370645803784167
848,0.1411000000004492,71.0,31.0,4.085697572140994
849,0.16459999999973718,16.0,86.0,4.2957897695359595
850,0.09334800000004861,87.0,15.0,4.557756998786026
851,0.1091380000008968,92.0,10.0,4.800350746345558
852,0.11622699999946917,87.0,15.0,4.8718220906165985
853,0.07746399999852827,92.0,10.0,5.429610965553898
854,0.21609700000091436,93.0,9.0,5.384129112170963
855,0.08262899999955664,87.0,15.0,5.076975774335134
856,0.10596899999981702,92.0,10.0,5.022201612576248
857,0.22172700000133716,93.0,9.0,5.030898049451264
858,0.11850599999974065,91.0,11.0,4.655017587046783
859,0.7331360000009113,66.0,36.0,4.473399109572439
860,0.23747300000032112,70.0,32.0,4.066956220196663
861,0.2449939999991102,74.0,28.0,3.879415386458578
862,0.19319000000095343,80.0,22.0,3.7737131726071964
863,0.18702300000050798,90.0,12.0,3.2442362029004683
864,0.11037000000158059,92.0,10.0,3.20204715570611
865,0.13470299999873703,89.0,13.0,3.4276964393598517
866,0.23844100000047774,79.0,23.0,3.0540262387485897
867,0.14580300000055502,89.0,13.0,2.9293179703977104
868,0.14179199999908576,89.0,13.0,3.3667824674461913
869,0.100391000000144,91.0,11.0,3.187728161731451
870,0.24131300000007627,92.0,10.0,3.307775863630306
871,0.3089220000003223,54.0,48.0,3.6918631306085574
872,0.1485649999999339,24.0,78.0,3.816733507747989
873,0.32230400000088366,63.0,39.0,3.981032622524205
874,0.09383999999990067,22.0,80.0,4.239928046508
875,0.11628600000079814,79.0,23.0,4.288131040298434
876,0.19262300000022492,82.0,20.0,4.678202751652958
877,0.1892720000000736,84.0,18.0,4.7357303067724335
878,0.1727689999988513,42.0,60.0,4.709547701785591
879,0.12895500000098536,58.0,44.0,4.9983837397402056
880,0.12176100000083068,90.0,12.0,4.8433621195094805
881,0.3033129999998607,-46.0,148.0,4.684999876858353
882,0.11333700000015767,29.0,73.0,4.672429945688236
883,0.15629600000011123,92.0,10.0,4.414061418258439
884,0.22762500000084174,91.0,11.0,4.413563538379431
885,0.19663700000016604,86.0,16.0,4.8274681691602535
886,0.21092300000091768,91.0,11.0,4.61156599038533
887,0.11948500000080742,54.0,48.0,4.531060560566006
888,0.47805800000055854,88.0,14.0,4.985890379274892
889,0.11991300000069316,90.0,12.0,5.079136629800779
890,0.12704500000104701,91.0,11.0,5.648697551192346
891,0.21861599999972725,73.0,29.0,5.72526433187096
892,0.26863099999907547,93.0,9.0,5.5945562358005585
893,0.16472600000128068,93.0,9.0,5.947642584623682
894,0.15542600000095774,89.0,13.0,5.970509153248163
895,0.212483999998625,77.0,25.0,5.676111882631352
896,0.1421449999998714,91.0,11.0,5.744103225983075
897,0.10065000000025748,88.0,14.0,5.743053092244345
898,0.6115379999993564,28.0,74.0,5.315907621650519
899,0.11764799999980369,87.0,15.0,5.092042124836944
900,0.16668400000163786,90.0,12.0,4.69672311478727
901,0.12837000000054388,28.0,74.0,4.658218745865183
902,0.21524399999961474,93.0,9.0,4.8060030682340695
903,0.26903500000052816,89.0,13.0,4.522900695610497
904,0.17803399999927194,85.0,17.0,4.179513944077724
905,0.13318999999967218,86.0,16.0,4.189315271737972
906,0.11865899999996543,91.0,11.0,4.084498926469642
907,0.20507899999877566,81.0,21.0,4.166252448441524
908,0.1924500000001217,88.0,14.0,4.25653097520774
909,0.1690960000004793,83.0,19.0,4.225129048668764
910,0.08029600000014625,78.0,24.0,4.035742898483955
911,0.10047499999998877,93.0,9.0,4.0677832712844095
912,0.07797000000131504,58.0,44.0,4.120500238465117
913,0.14002099999999018,90.0,12.0,4.132101050868167
914,0.3200700000007828,83.0,19.0,4.455138641368064
915,0.09881200000094736,89.0,13.0,4.155708084334593
916,0.22367100000053597,90.0,12.0,3.942578243510937
917,0.2737989999985757,89.0,13.0,3.7786081188830694
918,0.14408600000059835,4.0,98.0,3.499120610247381
919,0.3785629999999429,92.0,10.0,3.523781591867416
920,0.22338199999971664,71.0,31.0,3.8336641538351244
921,0.15665699999978244,64.0,38.0,3.881903580674424
922,0.31504800000092814,90.0,12.0,3.70321400670896
923,0.14886199999963878,90.0,12.0,3.809736761505424
924,0.37349299999966945,86.0,16.0,3.6541400537855324
925,0.774301999999949,67.0,35.0,4.500142972252964
926,0.2976550000006739,20.0,82.0,4.762168768707129
927,0.47967899999967756,90.0,12.0,4.907556483218338
928,0.22266399999892883,25.0,77.0,5.2289199764682905
929,0.21976000000023532,49.0,53.0,5.318163730622312
930,0.22488799999997866,65.0,37.0,5.298710391530468
931,0.09999999999976694,92.0,10.0,5.000226958107669
932,0.12452300000020955,88.0,14.0,4.961072099611111
933,0.21141100000043878,54.0,48.0,5.062505297194571
934,0.11307599999987872,75.0,27.0,4.949147978714019
935,0.2638069999996162,89.0,13.0,4.7361300006873535
936,0.12580900000003226,92.0,10.0,4.770855952203507
937,0.08200399999935826,89.0,13.0,4.560975013015465
938,0.19969400000086068,73.0,29.0,4.413557684060473
939,0.09927999999881365,93.0,9.0,4.182455388971232
940,0.12279800000136731,75.0,27.0,3.867044470607186
941,0.08571400000079166,90.0,12.0,3.913530643566072
942,0.08768799999891996,92.0,10.0,3.941637039982493
943,0.11245099999968033,83.0,19.0,3.6126465775631003
944,0.34533200000019804,88.0,14.0,4.0571151874053815
945,0.21846899999999891,62.0,40.0,3.5724233874341538
946,0.16101699999993002,-307.0,409.0,3.7048567830466097
947,0.35393400000138797,-1323.0,1425.0,4.182420522947228
948,0.2566490000006638,-242.0,344.0,4.371900408104359
949,0.1794850000003123,77.0,25.0,4.661139057947032
950,0.14468700000058732,85.0,17.0,4.839170977763596
951,0.19052799999919046,2.0,100.0,5.147326006319877
952,0.1440050000010018,90.0,12.0,5.31460170446597
953,0.24418699999984028,79.0,23.0,5.896211140341985
954,0.21052499999996144,90.0,12.0,5.686986725654194
955,0.21965000000001567,71.0,31.0,5.8304547450112505
956,0.13937099999949965,93.0,9.0,5.7297841164124605
957,0.12820899999965718,-41.0,143.0,5.4422281580623295
958,0.21581900000100518,65.0,37.0,5.039822417121007
959,0.2265220000001733,91.0,11.0,4.868935125236893
960,0.13437700000018538,93.0,9.0,5.123299770731087
961,0.16606700000032504,90.0,12.0,4.997503766338971
962,0.13158299999993517,93.0,9.0,4.847542092297571
963,0.10950700000122993,91.0,11.0,4.28116837755537
964,0.17247599999947738,84.0,18.0,4.115498422743842
965,0.1684780000008601,93.0,9.0,4.100970924416259
966,0.19061600000114254,92.0,10.0,3.9158384923512415
967,0.27966399999890257,62.0,40.0,4.174727310440273
968,0.1367580000000146,74.0,28.0,4.442941710593542
969,0.28376500000071303,0.0,102.0,4.794703763771386
970,0.3251710000000685,-25.0,127.0,4.677122461197324
971,0.2406720000003304,-708.0,810.0,4.720508242183418
972,0.24130799999966257,50.0,52.0,4.991210958585981
973,0.23904500000071494,58.0,44.0,5.159889331752811
974,0.2235610000003163,92.0,10.0,5.485098111948965
975,0.39375199999902577,-101.0,203.0,5.476274192597302
976,0.20218000000049585,89.0,13.0,5.675996125665509
977,0.17131599999942182,90.0,12.0,5.3943469628889815
978,0.0809789999998145,90.0,12.0,5.158567676301365
979,0.13092200000031085,89.0,13.0,4.940704676415919
980,0.13336199999969267,93.0,9.0,4.784455713572223
981,0.121839000000179,71.0,31.0,4.741099928230338
982,0.24811499999977116,71.0,31.0,4.688896538897991
983,0.4317609999997529,51.0,51.0,4.9774159625722705
984,0.16585200000029943,-87.0,189.0,5.128118122348889
985,0.2644800000002334,-4.0,106.0,5.1121746809591375
986,0.11569900000019118,90.0,12.0,4.903473206706359
987,0.10448899999992989,92.0,10.0,4.942864604800145
988,0.1763649999997341,89.0,13.0,4.872794575340182
989,0.3242350000007832,46.0,56.0,5.130220846591369
990,0.1279220000007797,73.0,29.0,5.100907442743294
991,0.22067099999922846,93.0,9.0,4.978847455392189
992,0.09497699999982956,91.0,11.0,4.748606022075362
993,0.2704890000000404,93.0,9.0,4.788739446935516
994,0.12761099999991643,87.0,15.0,4.440498837680506
995,0.21476199999881374,91.0,11.0,4.418473437412345
996,0.2786389999993588,90.0,12.0,4.8139959975459705
997,0.15427900000020145,63.0,39.0,4.971800995676006
998,0.13386700000062035,91.0,11.0,5.206432451837084
999,0.10624000000092337,73.0,29.0,5.223783465574544
1000,0.11874199999972745,93.0,9.0,5.28284845435693
